Year,S,D,Source,Q,G,X
1825,2.4112042412962063,0.0830919336607534,Historical NYSE,,,
1826,2.3818900258768645,0.057880935854414714,Historical NYSE,0.011777858869660651,-0.3615595587826892,0.37333741765234985
1827,2.2331907328367273,0.08360167998101858,Historical NYSE,-0.027710652700179472,0.36767554484912024,-0.3953861975492997
1828,1.8322958185093905,0.07452644466045688,Historical NYSE,-0.15799326477004616,-0.1149095910686988,-0.04308367370134736
1829,2.02160071934918,0.06964737571909617,Historical NYSE,0.13219133621064194,-0.06770900288858517,0.1999003390992271
1830,2.57372013389536,0.06766249853924321,Historical NYSE,0.26741287154611615,-0.02891293086396196,0.2963258024100781
1831,2.1349626251306377,0.05181438441396381,Historical NYSE,-0.16292360047550414,-0.2668642884286454,0.10394068795314126
1832,2.3186606616146337,0.07628806044418393,Historical NYSE,0.11491267948607009,0.3868486422126831,-0.271935962726613
1833,2.177373140817154,0.08061641645018718,Historical NYSE,-0.02651487700175259,0.05518586249678492,-0.08170073949853751
1834,2.369852642436061,0.07486970925916009,Historical NYSE,0.11581238993902354,-0.07395291385553993,0.18976530379456347
1835,2.210153149477202,0.07924672054284634,Historical NYSE,-0.034538059299146884,0.05681663777883328,-0.09135469707798016
1836,2.305795742315832,0.041629305948959604,Historical NYSE,0.060257191734242044,-0.6437616415666758,0.7040188333009179
1837,1.8902125624616022,0.05758580788080107,Historical NYSE,-0.16872614742556324,0.3244717572126232,-0.49319790463818647
1838,2.120794416837501,0.14024777912999167,Historical NYSE,0.1791365659874895,0.8901345628128647,-0.7109979968253752
1839,1.55629882847216,0.13247868109634733,Historical NYSE,-0.22778584335589813,-0.056988974102310186,-0.17079686925358795
1840,1.6031066827811717,0.06502661818310482,Historical NYSE,0.06939476092488411,-0.711625038516448,0.7810197994413322
1841,1.2259850436258635,0.09234459982010777,Historical NYSE,-0.19557790972184458,0.3507305332093895,-0.5463084429312342
1842,1.2547266100928542,0.08368134672008845,Historical NYSE,0.08773617757821023,-0.0985111359093711,0.18624731348758133
1843,1.746039331414833,0.10664784672858328,Historical NYSE,0.3897194056273943,0.2425161607608901,0.1472032448665042
1844,1.795187152429021,0.14144285326007447,Historical NYSE,0.10359936833253802,0.28236351698260265,-0.17876414865006462
1845,1.58671541664399,0.08831519623180532,Historical NYSE,-0.06927783824309064,-0.4709835810636749,0.40170574282058424
1846,1.9549337680096874,0.06309613280744632,Historical NYSE,0.2404556349978702,-0.3362527096174426,0.5767083446153127
1847,2.1044769709704485,0.12843474563661783,Historical NYSE,0.13295012169063225,0.710761478354792,-0.5778113566641597
1848,2.2155421661241337,0.12877109476255036,Historical NYSE,0.10792554009539745,0.0026154096434187757,0.10531013045197868
1849,2.388369937321313,0.19919476864604765,Historical NYSE,0.15522002161100945,0.436246714049618,-0.28102669243860856
1850,2.638602835876642,0.10542493317125054,Historical NYSE,0.1388157310694209,-0.6362839172546988,0.7750996483241197
1851,2.486020040540143,0.13846902489289697,Historical NYSE,-0.005363312873979842,0.27264748789806226,-0.2780108007720421
1852,2.9353259468527555,0.13296175760971385,Historical NYSE,0.21043660059304037,-0.04058510352592193,0.2510217041189623
1853,2.6962432592410237,0.1428948994085965,Historical NYSE,-0.03331796140564114,0.07204784076093906,-0.1053658021665802
1854,2.1478080229393077,0.06356945419304531,Historical NYSE,-0.1982438044849758,-0.8099763158758622,0.6117325113908864
1855,2.4969443293973117,0.053083694175663304,Historical NYSE,0.1716565508894372,-0.1802632715723722,0.3519198224618094
1856,2.559030796239821,0.08861991931475215,Historical NYSE,0.058605008318452945,0.5124868518889727,-0.45388184357051975
1857,1.9392723662622737,0.1027912925365921,Historical NYSE,-0.2256676976007348,0.1483439911743889,-0.3740116887751237
1858,2.14061156368111,0.06502293351053526,Historical NYSE,0.1287023875517096,-0.4579606155749696,0.5866630031266792
1859,2.1273363880746214,0.07250280345919244,Historical NYSE,0.02729269730711048,0.10888519860852108,-0.0815925013014106
1860,2.0436272591982467,0.06062517501488598,Historical NYSE,-0.010910409218664152,-0.17891499341871953,0.16800458420005537
1861,1.9674872644446937,0.0775016857488643,Historical NYSE,0.0006660889532889014,0.24558945162402734,-0.24492336267073844
1862,2.9344910757540914,0.08385965458258635,Historical NYSE,0.42795333810351877,0.07884493503611711,0.34910840306740165
1863,4.136206023385861,0.12205408661187403,Historical NYSE,0.3723266121053437,0.3753196566173771,-0.002993044512033416
1864,4.571906014715763,0.2043375650990859,Historical NYSE,0.14387542739239434,0.5153090777888873,-0.371433650396493
1865,4.511069562503308,0.21494541723894586,Historical NYSE,0.03315215939475524,0.05061076542578169,-0.017458606031026447
1866,4.531997679678064,0.23415968508327253,Historical NYSE,0.05500611738915162,0.08561917491516957,-0.03061305752601795
1867,4.413609617218455,0.24109209831112136,Historical NYSE,0.02671499920005882,0.0291757136539188,-0.00246071445385998
1868,4.480803227561125,0.22247492649263503,Historical NYSE,0.06356688320597925,-0.08036460582267191,0.14393148902865116
1869,4.3529903576695705,0.22158155340250735,Historical NYSE,0.020710800776696514,-0.0040236966957787335,0.024734497472475248
1870,4.290404762058816,0.2165547445015421,Historical NYSE,0.03475971163432168,-0.02294733172231589,0.057707043356637566
1871,4.433803938852447,0.2972803471208471,Historical NYSE,0.09777333354896434,0.31683224636355956,-0.21905891281459522
1872,4.456182822102331,0.3320450065366293,Historical NYSE,0.07690247727484123,0.11059489830509506,-0.03369242103025383
1873,3.6674116294698638,0.34319941292826833,Historical NYSE,-0.10534892072250601,0.03304113544424814,-0.13839005616675415
1874,3.455807639298743,0.3239879694022349,Historical NYSE,0.030183801230046603,-0.05760527340202004,0.08778907463206664
1875,3.292746499405871,0.2702044628315238,Historical NYSE,0.03053293400704371,-0.18152744146765887,0.21206037547470258
1876,2.854437074756055,0.26747036480243214,Historical NYSE,-0.05327784492414733,-0.010170167747134196,-0.04310767717701314
1877,2.904164597951537,0.17925389591762064,Historical NYSE,0.07716423015514007,-0.4002055606226289,0.477369790777769
1878,3.209012396116322,0.19032153279314928,Historical NYSE,0.15743373407695316,0.059911705939460935,0.09752202813749222
1879,4.855408585197346,0.22012017575389062,Historical NYSE,0.4584674838083733,0.14545873090664996,0.31300875290172336
1880,5.818476590954694,0.30360686170846374,Historical NYSE,0.23180921621921202,0.32155999577680094,-0.08975077955758892
1881,5.927868690133673,0.3772454220024827,Historical NYSE,0.08032259457830371,0.21716231597819524,-0.13683972139989153
1882,5.362223751236185,0.37346648724594456,Historical NYSE,-0.03295663817620653,-0.010067688093953642,-0.02288895008225289
1883,4.5554859984579235,0.3585284142862081,Historical NYSE,-0.08728756091515533,-0.04082035858135136,-0.04646720233380397
1884,3.44948874380015,0.312919558282656,Historical NYSE,-0.19127296238178437,-0.13606176049916474,-0.05521120188261963
1885,5.012850135140035,0.22571155869890128,Historical NYSE,0.4178209448870387,-0.32668826003858453,0.7445092049256232
1886,5.637542759949008,0.25094677213731464,Historical NYSE,0.16099487602010742,0.10598295826626858,0.055011917753838846
1887,4.95380783008019,0.29568432988165183,Historical NYSE,-0.0713169492244754,0.1640515787105441,-0.2353685279350195
1888,5.057171443764667,0.2558196683919369,Historical NYSE,0.06999843516412585,-0.14481965624081794,0.2148180914049438
1889,5.284335549818413,0.25612076736614847,Historical NYSE,0.09126954129973686,0.0011763048507185125,0.09009323644901834
1890,4.7176475311210035,0.25857050948657995,Historical NYSE,-0.06007671471053766,0.00951933996075116,-0.06959605467128882
1891,4.856947096528304,0.2669733401732694,Historical NYSE,0.08260958540894991,0.03198038315018503,0.05062920225876488
1892,5.359600432030293,0.25494993477494593,Historical NYSE,0.14495143674180722,-0.046081612210193024,0.19103304895200024
1893,4.455824493528474,0.28773876738769033,Historical NYSE,-0.12210082994179028,0.12098581916212248,-0.24308664910391276
1894,4.330260864838731,0.25106509462574517,Historical NYSE,0.027776351727781146,-0.13634076418145424,0.1641171159092354
1895,4.422868352865583,0.2264001764433144,Historical NYSE,0.07108211557961397,-0.1034081209751252,0.17449023655473916
1896,4.453561557624243,0.21805714750421631,Historical NYSE,0.05471719519762752,-0.037546952722012694,0.09226414791964022
1897,5.0836825261600485,0.2247734798874135,Historical NYSE,0.17559689588581495,0.03033596607923683,0.14526092980657812
1898,5.702258073052189,0.25327502262980195,Historical NYSE,0.15828481378916082,0.11938280525926648,0.03890200852989434
1899,5.940085945765383,0.250781370377632,Historical NYSE,0.08221294301515125,-0.00989441907960642,0.09210736209475767
1900,7.00842479080102,0.35026363285778817,Historical NYSE,0.21415811129951168,0.3341045824707096,-0.11994647117119794
1901,8.732566709832534,0.38627020849537,Historical NYSE,0.2632292981456028,0.09785103889285973,0.16537825925274308
1902,9.194452048202946,0.4289101055566084,Historical NYSE,0.09713436292178423,0.10471020624104344,-0.007575843319259201
1903,8.010662830243213,0.4730157173731792,Historical NYSE,-0.08045611717929457,0.09788126424514743,-0.178337381424442
1904,9.20762322085903,0.4472417441467134,Historical NYSE,0.18668842176653921,-0.056029353986706054,0.24271777575324527
1905,9.821795606379425,0.43579785308145874,Historical NYSE,0.10798650471266225,-0.025920766958443475,0.13390727167110572
1906,9.714405088561197,0.48728165813584845,Historical NYSE,0.03794911631734177,0.11166381324890406,-0.0737146969315623
1907,7.163074877630751,0.5139860631081364,Historical NYSE,-0.23537306066653318,0.05335384114956365,-0.28872690181609684
1908,9.202503504056248,0.516026100036801,Historical NYSE,0.3050949907625924,0.003961195157083819,0.30113379560550857
1909,10.8697355995823,0.5305770652645639,Historical NYSE,0.21416521472212136,0.027807870947691216,0.18635734377443014
1910,9.184784728164864,0.5868906208061981,Historical NYSE,-0.10649444670586705,0.10087324991374935,-0.2073676966196164
1911,9.384363633658838,0.5644114507596673,Historical NYSE,0.07990115543169862,-0.03905495838117212,0.11895611381287075
1912,9.38700218450547,0.585066516221273,Historical NYSE,0.06074319401017103,0.03594203556121334,0.024801158448957694
1913,8.031580377229103,0.5683853473040161,Historical NYSE,-0.08756776833875302,-0.028925926665703372,-0.058641841673049644
1914,7.351002428817626,0.49644576153194386,Historical NYSE,-0.02319291005959334,-0.1353253811543893,0.11213247109479596
1915,8.518641763577849,0.5088681137099981,Historical NYSE,0.20543987950379927,0.024714638460903826,0.18072524104289545
1916,8.628288241469539,0.5954257335554775,Historical NYSE,0.07952086299477212,0.1570877939135612,-0.07756693091878908
1917,6.602529052761493,0.7188283807574906,Historical NYSE,-0.16425038313104645,0.18834596938967507,-0.3525963525207215
1918,6.792875062104367,0.6548680756860323,Historical NYSE,0.1204582865264967,-0.09318883347162515,0.21364711999812186
1919,7.4301936461677,0.5392373438329512,Historical NYSE,0.1597388183891364,-0.19427798913262434,0.35401680752176073
1920,5.889190450477221,0.5026700498499704,Historical NYSE,-0.1505265370095008,-0.07022182470240623,-0.08030471230709457
1921,6.140099435397842,0.47069964908441553,Historical NYSE,0.11558599331994035,-0.06571378745964329,0.18129978077958364
1922,7.352051176255243,0.5068807043502639,Historical NYSE,0.2468097674359624,0.07405547587668682,0.17275429155927557
1923,7.195147378251585,0.5251307267244677,Historical NYSE,0.04887104145760368,0.035371556115202374,0.013499485342401307
1924,8.58649956739853,0.5476635337783602,Historical NYSE,0.23861474753731948,0.04201387404360102,0.19660087349371846
1925,10.58,0.6,Historical NYSE,0.26393531566675854,0.09126854629239378,0.17266676937436476
1926,12.65,0.69,Shiller S&P,0.23180161405732447,0.13976194237515865,0.09203967168216581
1927,13.4,0.77,Shiller S&P,0.11346983852905979,0.10969891725642456,0.0037709212726352304
1928,17.53,0.85,Shiller S&P,0.31600840997067525,0.09884583463663257,0.21716257533404268
1929,24.86,0.97,Shiller S&P,0.3876229081746061,0.13205972201306637,0.2555631861615397
1930,21.71,0.98,Shiller S&P,-0.09133578729081471,0.010256500167189108,-0.10159228745800382
1931,15.98,0.82,Shiller S&P,-0.25639409748098707,-0.17824823140631885,-0.07814586607466822
1932,8.3,0.5,Shiller S&P,-0.5965862188539677,-0.49469624183610694,-0.10188997701786073
1933,7.09,0.44,Shiller S&P,-0.09736047299075024,-0.12783337150988494,0.030472898519134706
1934,10.54,0.45,Shiller S&P,0.4383004278714937,0.022472855852058604,0.4158275720194351
1935,9.26,0.47,Shiller S&P,-0.07996364691530244,0.04348511193973881,-0.12344875885504125
1936,13.76,0.72,Shiller S&P,0.44706433829948233,0.4265185173059967,0.02054582099348562
1937,17.59,0.8,Shiller S&P,0.29004120611103223,0.10536051565782639,0.18468069045320584
1938,11.31,0.51,Shiller S&P,-0.39753754677151454,-0.4502010019495559,0.052663455178041385
1939,12.5,0.62,Shiller S&P,0.14845049338791405,0.19530875232076583,-0.04685825893285178
1940,12.3,0.67,Shiller S&P,0.036910354020097014,0.07755823434587455,-0.04064788032577754
1941,10.55,0.71,Shiller S&P,-0.08834263966682743,0.05798725765034923,-0.14632989731717666
1942,8.93,0.59,Shiller S&P,-0.10273101111880134,-0.18514243313559597,0.08241142201679463
1943,10.09,0.61,Shiller S&P,0.18082734657945254,0.03333642026759187,0.14749092631186067
1944,11.85,0.64,Shiller S&P,0.21338348977196864,0.04800921918636064,0.165374270585608
1945,13.49,0.66,Shiller S&P,0.17738675650810665,0.030771658666753687,0.14661509784135296
1946,18.02,0.71,Shiller S&P,0.3281778462363327,0.07302513501488977,0.25515271122144295
1947,15.21,0.84,Shiller S&P,-0.1157734026041668,0.1681369218019982,-0.28391032440616504
1948,14.83,0.93,Shiller S&P,0.0355219781585312,0.10178269430994243,-0.06626071615141123
1949,15.36,1.14,Shiller S&P,0.10670822475669395,0.2035989552412394,-0.09689073048454544
1950,16.88,1.47,Shiller S&P,0.17786284678105346,0.2542341383842409,-0.07637129160318745
1951,21.21,1.41,Shiller S&P,0.29270498152016344,-0.04167269640056803,0.3343776779207315
1952,24.19,1.41,Shiller S&P,0.1881195829089255,0.0,0.1881195829089255
1953,26.18,1.45,Shiller S&P,0.1329628143133892,0.027973852042406155,0.10498896227098303
1954,25.46,1.54,Shiller S&P,0.03084110552257524,0.06021885999305482,-0.029377754470479578
1955,35.6,1.64,Shiller S&P,0.3802748592796057,0.06291382541056917,0.3173610338690365
1956,44.15,1.74,Shiller S&P,0.2539015905487574,0.05918887139033063,0.19471271915842675
1957,45.43,1.79,Shiller S&P,0.06722460460739788,0.02833050662622605,0.03889409798117183
1958,41.12,1.75,Shiller S&P,-0.05800039916142641,-0.02259983191724102,-0.03540056724418539
1959,55.62,1.83,Shiller S&P,0.33442038314785494,0.044700178917906896,0.28972020422994804
1960,58.03,1.95,Shiller S&P,0.07546832451504493,0.06351340572232589,0.011954918792719038
1961,59.72,2.02,Shiller S&P,0.06197190087149629,0.03526813883745794,0.026703762034038347
1962,69.07,2.13,Shiller S&P,0.1758258457469406,0.053024468308220274,0.12280137743872033
1963,65.06,2.28,Shiller S&P,-0.02536606936795316,0.06805346324501571,-0.09341953261296887
1964,76.45,2.5,Shiller S&P,0.19350481965644573,0.09211528890780574,0.10138953074863999
1965,86.12,2.72,Shiller S&P,0.1502000666511547,0.08434114843375085,0.06585891821740386
1966,93.32,2.87,Shiller S&P,0.11058372966836139,0.05368014946362387,0.056903580204737514
1967,84.45,2.92,Shiller S&P,-0.06588247284322613,0.017271586508660564,-0.08315405935188669
1968,95.04,3.07,Shiller S&P,0.14992965492149057,0.05009394531891531,0.09983570960257526
1969,102.0,3.16,Shiller S&P,0.1011851442473457,0.028894465999715013,0.07229067824763069
1970,90.31,3.14,Shiller S&P,-0.08754627938269888,-0.006349227678658753,-0.08119705170404012
1971,93.49,3.07,Shiller S&P,0.06691638052656845,-0.02254523832105626,0.08946161884762471
1972,103.3,3.15,Shiller S&P,0.12982091263626483,0.02572489123843602,0.10409602139782881
1973,118.4,3.38,Shiller S&P,0.1645787620548349,0.07047325665738557,0.09410550539744933
1974,96.11,3.6,Shiller S&P,-0.1718027496092036,0.06305813596713694,-0.23486088557634055
1975,72.56,3.68,Shiller S&P,-0.23160710948924557,0.02197890671877545,-0.253586016208021
1976,96.86,4.05,Shiller S&P,0.3298152246695558,0.09580412893760815,0.23401109573194767
1977,103.8,4.67,Shiller S&P,0.11320700007704332,0.14244219056235807,-0.029235190485314755
1978,90.25,5.07,Shiller S&P,-0.08522631850124629,0.082181745922286,-0.1674080644235323
1979,99.71,5.65,Shiller S&P,0.15479946022203528,0.10831472755525784,0.04648473266677744
1980,110.9,6.16,Shiller S&P,0.16042065102237313,0.08642123238707877,0.07399941863529436
1981,133.0,6.63,Shiller S&P,0.2303671725977816,0.07352802665234259,0.15683914594543902
1982,117.3,6.87,Shiller S&P,-0.06869753379300292,0.03555930203648683,-0.10425683582948975
1983,144.3,7.09,Shiller S&P,0.25512453296435744,0.03152123430977816,0.22360329865457929
1984,166.4,7.53,Shiller S&P,0.1867584536402367,0.060209701267766036,0.12654875237247065
1985,171.6,7.9,Shiller S&P,0.07578067954122503,0.047967717661173914,0.027812961880051112
1986,208.2,8.28,Shiller S&P,0.23233197736861566,0.04698020892419219,0.18535176844442347
1987,264.5,8.81,Shiller S&P,0.27210752591178977,0.062044471550919855,0.21006305436086992
1988,250.5,9.75,Shiller S&P,-0.016198543803275456,0.10137984506166786,-0.11757838886494332
1989,285.4,11.06,Shiller S&P,0.16845338156079404,0.12606771108443304,0.04238567047636099
1990,339.97,12.09,Shiller S&P,0.20990991057509056,0.08904366853251222,0.12086624204257834
1991,325.49,12.2,Shiller S&P,-0.006729063551780712,0.009057287112509638,-0.01578635066429035
1992,416.08,12.39,Shiller S&P,0.2748889847078031,0.015453743901840067,0.25943524080596303
1993,435.23,12.58,Shiller S&P,0.07349148584844123,0.015218555631243635,0.058272930217197594
1994,472.99,13.17,Shiller S&P,0.1106631608376647,0.04583326448289515,0.06482989635476955
1995,465.25,13.79,Shiller S&P,0.012709854611867577,0.04600217605002088,-0.033292321438153305
1996,614.42,14.9,Shiller S&P,0.3020649758498628,0.0774175211462027,0.2246474547036601
1997,766.22,15.5,Shiller S&P,0.24081788677488802,0.03947881097378758,0.20133907580110044
1998,963.36,16.2,Shiller S&P,0.24563415648017983,0.044171218313137306,0.20146293816704253
1999,1248.77,16.69,Shiller S&P,0.27276379770944015,0.02979849543540558,0.24296530227403457
2000,1425.59,16.27,Shiller S&P,0.14377487990244475,-0.025486816442797267,0.16926169634524202
2001,1335.63,15.74,Shiller S&P,-0.053466870430754376,-0.03311767824168932,-0.020349192189065057
2002,1140.21,16.07,Shiller S&P,-0.14419513519616078,0.020748936760163872,-0.16494407195632466
2003,895.84,17.39,Shiller S&P,-0.22197996932297048,0.07894114861677082,-0.3009211179397413
2004,1132.52,19.44,Shiller S&P,0.2514582928302014,0.11143747066610121,0.14002082216410017
2005,1181.41,22.22,Shiller S&P,0.06089675242418657,0.13365998517919087,-0.07276323275500429
2006,1278.73,24.88,Shiller S&P,0.09842869862781267,0.11307148365949482,-0.014642785031682148
2007,1424.16,27.73,Shiller S&P,0.12699875806941296,0.10845059175670801,0.01854816631270495
2008,1378.76,28.39,Shiller S&P,-0.012015783970551475,0.023522110857193024,-0.0355378948277445
2009,865.58,22.41,Shiller S&P,-0.4399793418204192,-0.23652968267204422,-0.20344965914837498
2010,1123.58,22.73,Shiller S&P,0.2809035643378657,0.014178350051616384,0.2667252142862493
2011,1282.62,26.43,Shiller S&P,0.15278166713456187,0.15081409075174568,0.001967576382816194
2012,1300.58,31.25,Shiller S&P,0.03764907540836315,0.16751964756621307,-0.12987057215784992
2013,1480.4,34.99,Shiller S&P,0.15286251275897556,0.11304293019718603,0.039819582561789524
2014,1822.36,39.44,Shiller S&P,0.22923144017038855,0.11971822335483795,0.1095132168155506
2015,2028.18,43.39,Shiller S&P,0.12817440951083636,0.09544847007582469,0.032725939435011675
2016,1918.6,45.7,Shiller S&P,-0.03200289142858903,0.05186929808989982,-0.08387218951848885
2017,2275.12,48.93,Shiller S&P,0.19171559998646703,0.06829240740087306,0.12342319258559398
2018,2789.8,53.75,Shiller S&P,0.22302047330897334,0.09395296170673983,0.1290675116022335
2019,2607.39,58.24,Shiller S&P,-0.045529481247142733,0.08022873688065824,-0.12575821812780097
2020,3278.2,58.28,Shiller S&P,0.2465666380371303,0.0006865774385733658,0.24588006059855694
2021,3793.75,60.91,Shiller S&P,0.16198831470600972,0.0441383835213891,0.11784993118462062
2022,4573.82,66.92,Shiller S&P,0.20151886045509038,0.09410051127023067,0.10741834918485971
2023,3960.66,70.3,Shiller S&P,-0.12634418097244193,0.04927392269799569,-0.17561810367043762
2024,4804.49,74.83,Shiller S&P,0.20859518784773634,0.062447075275647634,0.1461481125720887
2025,5979.52,79.52,Shiller S&P,0.23200047433954296,0.06078968825605191,0.17121078608349105
