Year,Price-weighted Capital Appreciation,Price-weighted Appreciation Index,Low dividend return ,High dividend return ,Total return with low dividends,Total return with high dividends,Equal-weighted capital appreciation returns,Equal-weighted capital appreciation return index,Total number of securities  in index,Insurance,Transportation,Banks,Mining,Utility,Industrials and other
1814,,1,,,,,,1,,,,,,,
1815,-0.0664607563509541,0.933539243649046,,,,,-0.0665378189453443,0.933462181054656,8,3,0,5,0,0,0
1816,-0.0193003618817849,0.915521598415772,,,,,-0.0169314681910602,0.917657295828571,8,3,0,5,0,0,0
1817,0.194341943419434,1.09344584509436,,,,,0.193702887865387,1.09541016410131,8,3,0,5,0,0,0
1818,-0.0375720063547309,1.05236289085392,,,,,0.231619775097989,1.3491288199505,13,7,0,6,0,0,0
1819,-0.0882498863256053,0.959491985362776,,,,,-0.0744952632343269,1.24862511337127,15,9,0,6,0,0,0
1820,0.0958910308722685,1.05149866095289,,,,,0.101279888399,1.37508572550571,15,9,0,6,0,0,0
1821,0.0333916487503971,1.08660993490094,,,,,0.0347591750887122,1.42288257100055,15,9,0,6,0,0,0
1822,-0.128464748961038,0.947018862395324,,,,,-0.0654083208154646,1.32981421131381,6,0,0,0,0,0,0
1823,0.0528892125757814,0.997105944321825,,,,,0.062524402548833,1.41296005037715,21,14,0,6,0,1,0
1824,0.0370228316067265,1.03402162979252,,,,,0.0392491251891935,1.46841749628174,33,22,0,10,0,1,0
1825,-0.129914402444072,0.899687327643778,0.0253401564050765,0.050826918784664,-0.104574246038995,-0.0790874836594077,-0.137312210280442,1.26678584425282,32,22,1,9,0,0,0
1826,-0.0121574999401887,0.88874937901176,0.0202872877875476,0.049365855358157,0.00812978784735896,0.0372083554179683,0.0107405345035259,1.28039180132159,34,20,1,11,0,1,1
1827,-0.0624291178117664,0.833265539324301,0.0296630458678022,0.0617983870834612,-0.0327660719439642,-0.000630730728305218,-0.0685651006636938,1.19260160857501,32,19,1,9,0,0,3
1828,-0.179516647831552,0.683680502951252,0.0282037613279942,0.0585472022823731,-0.151312886503558,-0.120969445549179,-0.215193985793031,0.935960914962574,29,15,1,10,0,1,2
1829,0.103315686761647,0.754315423639208,0.0321241474745478,0.0698879905406525,0.135439834236195,0.1732036773023,0.120952648892116,1.04916786688679,30,18,1,9,0,0,2
1830,0.273110020817526,0.960326524692293,0.0282862315196621,0.055688254129935,0.301396252337188,0.328798274947461,0.293520297342513,1.35711993113761,30,17,1,10,0,0,2
1831,-0.170475998142292,0.796613901852857,0.0170141974024992,0.0444278097276415,-0.153461800739793,-0.12604818841465,-0.0255258184680269,1.32247833413605,38,17,4,15,0,0,2
1832,0.0860427411335867,0.865156745593398,0.0301987343177529,0.0593052883993005,0.116241475451339,0.145348029532887,0.103439178518028,1.45927440662697,40,18,4,16,0,0,2
1833,-0.0609349712687552,0.812438444157695,0.0293838527941656,0.0554254318027543,-0.0315511184745897,-0.00550953946600097,-0.0655724253017874,1.36358624460361,49,22,7,16,0,1,3
1834,0.0883998695541317,0.884257896641997,0.0290600080140643,0.0588430314826548,0.117459877568196,0.147242901036787,0.184221559579427,1.61478822920554,47,19,6,18,0,1,3
1835,-0.0673879422286349,0.824669576587872,0.0282606665585389,0.0592932489555211,-0.039127275670096,-0.00809469327311385,-0.0160347725978041,1.58889546715662,58,23,8,23,0,1,3
1836,0.0432741924971372,0.860356486591668,0.0159183938665454,0.139302691029161,0.0591925863636826,0.182576883526298,0.0583243423951045,1.68156675041309,46,13,8,22,0,1,2
1837,-0.180234169153612,0.705290850054898,0.021106541475906,0.0708387714735547,-0.159127627677706,-0.109395397680057,-0.166506709478889,1.4015746040327,45,16,7,19,0,1,2
1838,0.121987261620786,0.791327349499291,0.0627058114187654,0.117088546222817,0.184693073039551,0.239075807843603,0.150892304059238,1.61306142534611,49,18,6,22,0,1,2
1839,-0.266171762752521,0.580698353968785,0.0527922131485606,0.100078763306983,-0.21337954960396,-0.166092999445538,-0.255932603388226,1.20022641533216,58,21,6,28,0,1,2
1840,0.0300763924335563,0.59816366554827,0.0353118623014817,0.0853248039821519,0.065388254735038,0.115401196415708,0.173015296025323,1.40788394387827,56,20,6,27,0,1,2
1841,-0.235244256172056,0.457449098977217,0.048682348779625,0.100527063335822,-0.186561907392431,-0.134717192836234,-0.286512722453897,1.00450728221857,47,12,7,25,0,1,2
1842,0.0234436517936523,0.468173376366959,0.0576854032943072,0.116471565833876,0.0811290550879595,0.139915217627528,0.203753287716168,1.20917894350544,49,16,7,25,0,1,0
1843,0.391569539826385,0.651495809909934,0.0718332353084761,0.256198005240779,0.463402775134861,0.647767545067164,0.722968408195715,2.08337711951535,47,16,7,22,0,1,1
1844,0.0281481752042581,0.669834228112118,0.0684619761046842,0.117367832771504,0.0966101513089424,0.145516007975762,0.121058735167137,2.33558811848003,47,13,8,23,0,1,2
1845,-0.116128134887191,0.592047628517856,0.0415765214937447,0.0696890422973403,-0.0745516133934467,-0.0464390925898511,-0.109269532797051,2.08037949596737,36,8,7,18,0,1,2
1846,0.232063259424619,0.729440130926326,0.0336067213442689,0.0804400158748325,0.265669980768887,0.312503275299451,0.457952853585733,3.03309522268688,25,0,8,14,0,1,2
1847,0.076495278463071,0.785238856863674,0.0555230002929974,0.114080433295465,0.132018278756068,0.190575711758536,0.237943765455663,3.75480132095858,29,5,7,13,0,2,2
1848,0.0527756761826044,0.82668036849951,0.0517126334519573,0.0972077287738591,0.104488309634562,0.149983404956463,0.0533936508352271,3.95528387164549,11,1,3,7,0,0,0
1849,0.0780069880139198,0.891167214096394,0.0759836852207294,0.136759095915541,0.153990673234649,0.214766083929461,0.525058432249257,6.03203902039244,60,6,28,21,0,1,4
1850,0.104771415284174,0.984536064372128,0.0373047542004722,0.0941067672678256,0.142076169484647,0.198878182552,0.180921847032073,7.12336666133138,72,9,34,22,0,2,5
1851,-0.0578271171628617,0.927603182026618,0.0443507586821431,0.110396539368329,-0.0134763584807186,0.0525694222054673,-0.0225993316657543,6.96238333557518,76,7,31,29,3,0,6
1852,0.18073301863447,1.09525170520923,0.0452006381725484,0.100866418321557,0.225933656807019,0.281599436956028,0.583429149160033,11.0244407211758,85,6,33,30,8,0,8
1853,-0.0814501326055743,1.00604330858346,0.0411417573035204,0.0976838772802073,-0.0403083753020539,0.016233744674633,-0.134286777421452,9.54400410385527,120,11,42,36,15,2,14
1854,-0.203407179386361,0.801406876843972,0.0199256205051714,0.174210917851414,-0.18348155888119,-0.0291962615349477,-0.203487633266679,7.60191729687429,78,0,32,22,10,3,11
1855,0.162554708209072,0.931679337866088,0.020887579822781,0.0912075206498906,0.183442288031853,0.253762228858963,0.153966449908348,8.77235751557089,73,3,33,23,7,1,6
1856,0.02486497841043,0.954845524487572,0.0299947284882437,0.0956782971539828,0.0548597068986738,0.120543275564413,0.0349530572187879,9.07897822975631,71,4,33,24,5,1,4
1857,-0.242184826727449,0.723596426588069,0.0339471452916831,0.185789556243089,-0.208237681435766,-0.05639527048436,-0.123404051505166,7.95859553267717,81,5,31,33,5,1,6
1858,0.103822031872136,0.79872167785186,0.0283367601515682,0.105328622541366,0.132158792023704,0.209150654413501,1.37911161137722,18.9343870420472,82,2,33,34,4,0,9
1859,-0.00620158081537126,0.793768340817672,0.0286245967316332,0.122637989142692,0.0224230159162619,0.116436408327321,-0.0443622296996405,18.094415414866,65,1,28,30,2,0,4
1860,-0.039349267631406,0.762534137937501,0.0240845913000241,0.0534939372011441,-0.015264676331382,0.014144669569738,0.639302754033733,29.6622250222202,62,1,30,24,4,1,2
1861,-0.0372572808523914,0.734124189400827,0.0320502857932273,0.073284967003459,-0.00520699505916411,0.0360276861510676,0.0348549964307998,30.6961017694993,56,1,30,20,3,0,2
1862,0.491491776737027,1.09494019159507,0.0360216484783959,0.0810328500070119,0.527513425215423,0.572524626744039,0.752172508282847,53.7848656319691,67,2,34,24,5,0,2
1863,0.409513921361293,1.54333344311125,0.0351513473662038,0.0739510403573472,0.444665268727497,0.48346496171864,0.600929655904622,86.1057864290646,82,1,40,24,9,2,6
1864,0.105338077665006,1.70590522120471,0.0417511551374531,0.0797012617204762,0.147089232802459,0.185039339385482,0.0493730792645783,90.3570942475657,91,1,44,23,17,2,4
1865,-0.0133065841722541,1.68320544978886,0.0397331814539873,0.0818396189808261,0.0264265972817332,0.068533034808572,0.0888793159456511,98.387970975126,82,1,37,20,13,1,10
1866,0.00463928052644813,1.69101431205407,0.0438687283714414,0.0930612166226278,0.0485080088978895,0.097700497149076,0.0573031012662468,104.025906839294,94,1,43,24,10,1,15
1867,-0.0261227102984835,1.6468404350697,0.0449589067795693,0.0847220965848944,0.0188361964810857,0.0585993862864109,-0.0537158887312436,98.438062802348,35,0,0,0,0,0,0
1868,0.0152241852293735,1.67191223889642,,,,,0.0426108447065081,102.632591809628,75,1,42,19,2,1,10
1869,-0.0285245442391631,1.62422170427402,0.0417926754759024,0.088745782272774,0.0132681312367393,0.0602212380336109,-0.00589554173328066,102.02751708142,106,2,55,29,6,2,12
1870,-0.0143776095208878,1.60086927883462,0.0420438465564365,0.0911838565952776,0.0276662370355485,0.0768062470743898,0.00626692649841298,102.666916031785,103,1,49,31,7,1,14
1871,0.0334232280510556,1.65437549782104,0.0585585585585586,0.0585585585585586,0.0919817866096142,0.0919817866096142,0.146521295961864,117.70980562117,103,1,50,28,9,2,13
1872,0.00504733261969337,1.66272568123641,0.0632911392405063,0.0632911392405063,0.0683384718601996,0.0683384718601996,0.230757629121359,144.872241290647,26,0,16,0,2,0,8
1873,-0.17700602154836,1.36841322347447,0.0650887573964497,0.0650887573964497,-0.11191726415191,-0.11191726415191,-0.237897300781568,110.407526129426,33,0,17,0,1,0,15
1874,-0.0576984564456147,1.28945789270022,0.0746606334841629,0.0746606334841629,0.0169621770385482,0.0169621770385482,-0.10585681737583,98.7201367990261,31,0,17,0,2,0,12
1875,-0.0471846690882305,1.22861524872996,0.066079295154185,0.066079295154185,0.0188946260659546,0.0188946260659546,-0.16406205389454,82.5239083950279,36,0,19,0,2,0,15
1876,-0.133113625579402,1.06506981852937,0.068649885583524,0.068649885583524,-0.0644637399958775,-0.0644637399958775,-0.0154875909640122,81.2458118570541,38,0,19,0,2,0,17
1877,0.0174211313450392,1.08362453972961,0.053072625698324,0.053072625698324,0.0704937570433633,0.0704937570433633,0.195087754569356,97.0958748604112,41,0,24,0,2,0,15
1878,0.104969187483317,1.19737172720201,0.0553846153846154,0.0553846153846154,0.160353802867932,0.160353802867932,0.248742440137446,121.24773970047,48,0,27,0,3,0,18
1879,0.51305385765214,1.81168791088661,0.0579710144927536,0.0579710144927536,0.571024872144893,0.571024872144893,0.982652606008973,240.392147089834,49,0,26,0,3,0,20
1880,0.198349528954878,2.17103535462421,0.0528455284552846,0.0528455284552846,0.251195057410162,0.251195057410162,0.184755820459514,284.805995457441,74,0,24,0,3,0,47
1881,0.0188008145205982,2.21185258764416,0.0547945205479452,0.0547945205479452,0.0735953350685434,0.0735953350685434,0.105940100086583,314.978371121461,67,0,22,0,3,0,42
1882,-0.0954213003805177,2.00079473748115,0.0532445923460899,0.0532445923460899,-0.0421767080344279,-0.0421767080344279,-0.0227594649007262,307.809631939434,61,0,22,0,2,0,37
1883,-0.150448356913913,1.6997784567051,0.0565068493150685,0.0565068493150685,-0.0939415075988448,-0.0939415075988448,-0.146682713294696,262.659279948317,120,0,22,1,2,0,95
1884,-0.242783592141907,1.28710013714081,0.0580524344569288,0.0580524344569288,-0.184731157684978,-0.184731157684978,-0.242442896747296,198.979403260088,116,0,20,1,2,0,93
1885,0.453215391454678,1.87043372963645,0.0552995391705069,0.0552995391705069,0.508514930625185,0.508514930625185,1.05407110731698,408.71784318772,77,0,14,0,0,0,63
1886,0.124618252684211,2.10352391278536,0.0423076923076923,0.0423076923076923,0.166925944991903,0.166925944991903,0.71823073959612,702.271561986568,75,0,14,0,0,0,61
1887,-0.121282437931346,1.84840340439587,0.0443262411347518,0.0443262411347518,-0.0769561967965945,-0.0769561967965945,-0.107482033807527,626.789986219063,68,0,13,0,0,0,55
1888,0.0208654871625948,1.88697124190158,0.0436432637571158,0.0436432637571158,0.0645087509197106,0.0645087509197106,0.0954499374275606,686.617051183894,96,0,19,0,2,0,75
1889,0.0449192020835743,1.97173248444245,0.0428015564202335,0.0428015564202335,0.0877207585038078,0.0877207585038078,0.153320250159735,791.889349235348,89,0,16,0,2,0,71
1890,-0.107239219265114,1.76028543221118,0.0413533834586466,0.0413533834586466,-0.0658858358064672,-0.0658858358064672,-0.012417536723569,782.056034160215,91,0,15,0,2,0,74
1891,0.0295273363447321,1.81226197223081,0.0478260869565217,0.0478260869565217,0.0773534233012538,0.0773534233012538,0.158719396273691,906.183495754321,83,0,15,0,2,0,66
1892,0.103491622517623,1.99981590416397,0.044362292051756,0.044362292051756,0.147853914569379,0.147853914569379,0.186385550063668,1075.08300506911,82,0,15,0,2,0,65
1893,-0.1686274844484,1.6625919788849,0.0453720508166969,0.0453720508166969,-0.123255433631703,-0.123255433631703,-0.242272752576595,814.619686182697,80,0,15,0,2,0,63
1894,-0.0281796621191205,1.61574069867796,0.0476190476190476,0.0476190476190476,0.0194393854999271,0.0194393854999271,0.0916445928276912,889.275175632332,75,0,15,0,2,0,58
1895,0.0213861222031233,1.65029512670845,0.0441860465116279,0.0441860465116279,0.0655721687147512,0.0655721687147512,0.26405481663994,1124.09256907638,70,0,14,0,2,0,54
1896,0.00693966048950556,1.66174761459529,0.0416666666666667,0.0416666666666667,0.0486063271561723,0.0486063271561723,0.0716136781751087,1204.59297255724,70,0,14,0,2,0,54
1897,0.141486978541268,1.89686326368254,0.042654028436019,0.042654028436019,0.184141006977287,0.184141006977287,0.227220509780639,1478.30120185988,65,0,14,0,2,0,49
1898,0.121678634279193,2.1276709950218,0.0421052631578947,0.0421052631578947,0.163783897437088,0.163783897437088,0.376008716682554,2034.15533964149,61,0,13,0,2,0,46
1899,0.041707665571493,2.21641118532833,0.0371681415929204,0.0371681415929204,0.0788758071644133,0.0788758071644133,0.105110315458171,2247.96604908213,60,0,13,0,2,0,45
1900,0.179852422134938,2.61503810545661,0.0498338870431894,0.0498338870431894,0.229686309178128,0.229686309178128,0.313775071256536,2953.32175631514,70,0,13,0,2,0,55
1901,0.246009905292065,3.25836338211513,0.0465793304221252,0.0465793304221252,0.29258923571419,0.29258923571419,0.385977938333404,4093.23879905285,75,0,12,0,2,0,61
1902,0.0528922771182898,3.43070564107405,0.0415094339622642,0.0415094339622642,0.094401711080554,0.094401711080554,0.0641602843644911,4355.86216437185,77,0,11,0,2,0,64
1903,-0.12875038248648,2.98900097758724,0.0434782608695652,0.0434782608695652,-0.0852721216169146,-0.0852721216169146,-0.179308200304432,3574.82035890416,80,0,10,0,2,0,68
1904,0.14942089262537,3.43562017171643,0.0471841704718417,0.0471841704718417,0.196605063097211,0.196605063097211,0.244156577566927,4447.63626315078,81,0,13,0,2,0,66
1905,0.0667025974878117,3.66478496115144,0.04,0.04,0.106702597487812,0.106702597487812,0.0787658851381476,4797.95827019037,85,0,13,0,2,0,70
1906,-0.0109338986598811,3.62471457377595,0.0419287211740042,0.0419287211740042,0.030994822514123,0.030994822514123,-0.0122913592142607,4738.98484159643,89,0,12,0,2,0,75
1907,-0.262633706096389,2.67274235172358,0.0447154471544715,0.0447154471544715,-0.217918258941917,-0.217918258941917,-0.306388832132874,3287.01281048431,92,0,12,0,2,0,78
1908,0.284714129234408,3.43370986306248,0.060882800608828,0.060882800608828,0.345596929843236,0.345596929843236,0.496173267409324,4917.94069667861,91,0,13,0,2,0,76
1909,0.181171579537152,4.05580050262581,0.0487264673311185,0.0487264673311185,0.22989804686827,0.22989804686827,0.222200141664132,6010.7078161764,90,0,13,0,2,0,75
1910,-0.155013050315794,3.42709849524145,0.045631067961165,0.045631067961165,-0.109381982354629,-0.109381982354629,-0.158898681989522,5055.61426636185,88,0,13,0,0,0,75
1911,0.0217292959389617,3.50156693265653,0.0519337016574586,0.0519337016574586,0.0736629975964203,0.0736629975964203,-0.011748162480107,4996.22008852388,90,0,14,0,0,0,76
1912,0.000281164599928996,3.50255144932227,0.0526893523600439,0.0526893523600439,0.0529705169599728,0.0529705169599728,0.0125648924976058,5058.99705683056,88,0,14,0,0,0,74
1913,-0.144393468823698,2.99680589582116,0.0511727078891258,0.0511727078891258,-0.0932207609345725,-0.0932207609345725,-0.156818915103725,4265.65062686546,88,0,13,0,0,0,75
1914,-0.084737737337602,2.74286334496929,0.0522388059701493,0.0522388059701493,-0.0324989313674527,-0.0324989313674527,-0.178755379655772,3503.14262958124,85,0,14,0,0,0,71
1915,0.15884083103861,3.17854203810955,0.0585034013605442,0.0585034013605442,0.217344232399154,0.217344232399154,0.46049690160436,5116.32895638155,93,0,13,0,0,0,80
1916,0.0128713568353704,3.21945418689828,0.0590717299578059,0.0590717299578059,0.0719430867931763,0.0719430867931763,0.125822025944641,5760.07583107271,95,0,13,0,0,0,82
1917,-0.234781121355194,2.46358712274663,0.0704081632653061,0.0704081632653061,-0.164372958089888,-0.164372958089888,-0.249135112975616,4325.03868815029,88,0,13,0,0,0,75
1918,0.0288292573681717,2.5346105099572,0.0838235294117647,0.0838235294117647,0.112652786779936,0.112652786779936,0.0740723512147434,4645.40447287631,89,0,13,0,0,0,76
1919,0.0938216260768228,2.77241178947279,0.0670886075949367,0.0670886075949367,0.160910233671759,0.160910233671759,0.16380935746734,5406.36519475409,86,0,13,0,0,0,73
1920,-0.207397447371413,2.19742066127372,0.0571748878923767,0.0571748878923767,-0.150222559479037,-0.150222559479037,-0.159367640489212,4544.76553004313,90,0,12,0,0,0,78
1921,0.0426050043771775,2.29104177816579,0.0675477239353892,0.0675477239353892,0.110152728312567,0.110152728312567,0.151277059655993,5232.28429625397,91,0,13,0,0,0,78
1922,0.197383080454768,2.74325466179072,0.0697674418604651,0.0697674418604651,0.267150522315233,0.267150522315233,0.328416662504118,6950.6536421024,89,0,13,0,0,0,76
1923,-0.0213414997042491,2.68470949323744,0.0603644646924829,0.0603644646924829,0.0390229649882339,0.0390229649882339,0.0792492774574043,7501.48792109569,89,0,13,0,0,0,76
1924,0.193373688682533,3.20386167098577,0.064327485380117,0.064327485380117,0.25770117406265,0.25770117406265,0.425814479555892,10695.7300961119,87,0,13,0,0,0,74
1925,0.232166835501913,3.94769209652441,0.0590551181102362,0.0590551181102362,0.291221953612149,0.291221953612149,0.223064796698913,13081.5709555475,86,0,13,0,0,0,73
